ポプラ 大分今津留店,ぽぷら おおいたいまづるてん,大分県大分市今津留3-16,0975518681,【取り扱いサービス】 お酒、たばこ、edy
ポプラ 大分駅前店,ぽぷら おおいたえきまえてん,大分県大分市金池町1-1-1,0975330535,【取り扱いサービス】 お酒、たばこ、ATM、edy
ポプラ 大分大在北店,ぽぷら おおいたおおざいきたてん,大分県大分市大在北4-162,0975289616,【取り扱いサービス】 お酒、たばこ、edy
ポプラ 大分金池店,ぽぷら おおいたかないけてん,大分県大分市要町3-6,0975372120,【取り扱いサービス】 お酒、たばこ、edy
ポプラ 大分シーガーデン日出店,ぽぷら おおいたしーがーでんにちしゅってん,大分県速見郡日出町豊岡字楠本883,0977280003,【取り扱いサービス】 お酒 / たばこ / edy
ポプラ 大分高松東店,ぽぷら おおいたたかまつひがしてん,大分県大分市高松東1-6-3,0975033475,【取り扱いサービス】 お酒、たばこ、edy
ポプラ 大分豊海店,ぽぷら おおいたとよみてん,大分県大分市豊海3-1-7,0975388126,【取り扱いサービス】 お酒、たばこ、edy
ポプラ 大分畑中店,ぽぷら おおいたはたけなかてん,大分県大分市畑中691-2,0975463258,【取り扱いサービス】 お酒、たばこ、ATM、edy
ポプラ 大分原川店,ぽぷら おおいたはるかわてん,大分県大分市原川1-1-1,0975512559,【取り扱いサービス】 お酒、たばこ、edy
ポプラ 大分日出店,ぽぷら おおいたひじてん,大分県速見郡日出町豊岡字楠本879-1,0977729114,【取り扱いサービス】 お酒、たばこ、edy
ポプラ 大分都町店,ぽぷら おおいたみやこまちてん,大分県大分市都町3-2-24,0975371754,【取り扱いサービス】 お酒、たばこ、edy
ポプラ 大分都町2丁目店,ぽぷら おおいたみやこまちにちょうめてん,大分県大分市都町2-2-32,0975363558,【取り扱いサービス】 お酒、たばこ、ATM、edy
ポプラ 大分元町店,ぽぷら おおいたもとまちてん,大分県大分市元町3組,0975736115,【取り扱いサービス】 お酒、たばこ、edy
ポプラ 中津万田店,ぽぷら なかつまだてん,大分県中津市万田618-7,0979235541,【取り扱いサービス】 お酒、たばこ、edy
セブンイレブン 宇佐橋津店,せぶんいれぶんうさはしずてん,大分県宇佐市大字橋津7-2,0978-37-3733,""
ポプラ 畑中西店,ぽぷら はたけなかにしてん,大分県大分市畑中820,0975735191,【取り扱いサービス】 お酒、たばこ、ATM、edy
セブンイレブン 宇佐法鏡寺店,せぶんいれぶんうさほうきょうじてん,大分県宇佐市大字法鏡寺325番地,0978-32-8117,""
ポプラ 日田花月店,ぽぷら ひたかげつてん,大分県日田市清水町980-1,0973243570,【取り扱いサービス】 お酒、たばこ、edy
セブンイレブン 宇佐四日市店,せぶんいれぶんうさよっかいちてん,大分県宇佐市大字四日市503番地,0978-32-3744,""
"","","","",""
ポプラ 日田恵良橋店,ぽぷら ひたけいりょうばしてん,大分県日田市日高町2561-1,0973232585,【取り扱いサービス】 お酒、たばこ、ATM、edy
セブンイレブン 臼杵福良店,せぶんいれぶんうすきふくらてん,大分県臼杵市大字福良字稗尻1899-1,0972-63-6567,""
ポプラ 日田友田店,ぽぷら ひたともだてん,大分県日田市南友田町905-1,0973242663,【取り扱いサービス】 お酒、たばこ、ATM、edy
セブンイレブン 大分駅前店,せぶんいれぶんおおいたえきまえてん,大分県大分市末広町1-1-20,097-536-2481,""
セブンイレブン 大分王ノ瀬店,せぶんいれぶんおおいたおうのせてん,大分県大分市王ノ瀬2丁目1番35号,097-592-5780,""
ポプラ 日田日の出町店,ぽぷら ひたひのでまちてん,大分県日田市日の出町渡里23-1,0973256115,【取り扱いサービス】 お酒、たばこ、edy
セブンイレブン 大分大道町店,せぶんいれぶんおおいたおおみちまちてん,大分県大分市大道町3丁目1番33号,097-546-6621,""
ポプラ 日田若宮店,ぽぷら ひたわかみやてん,大分県日田市若宮町405-1,0973239707,【取り扱いサービス】 お酒、たばこ、ATM、edy
"","","","",""
ポプラ 別府亀川店,ぽぷら べっぷかめかわてん,大分県別府市亀川東町2175-1,0977277130,【取り扱いサービス】 お酒、たばこ、edy
セブンイレブン 大分賀来西店,せぶんいれぶんおおいたかくにしてん,大分県大分市大字賀来字棚田4143,097-549-6361,""
セブンイレブン 大分春日浦店,せぶんいれぶんおおいたかすがうらてん,大分県大分市大字勢家字春日浦843-83,097-534-0093,""
ポプラ 別府大学前店,ぽぷら べっぷだいがくまえてん,大分県別府市上人西6-1,0977276366,【取り扱いサービス】 お酒、たばこ、edy
セブンイレブン 大分金池町店,せぶんいれぶんおおいたかないけまちてん,大分県大分市金池町4丁目3140番1,097-534-0122,""
ファミリーマート 豊後高田新地店,ふぁみりーまーと ぶんごたかだしんちてん,大分県豊後高田市新地1041-1,0978-23-1051,""
ファミリーマート 由布挾間店,ふぁみりーまーと ゆうはさまてん,大分県由布市挾間町挾間514-1,097-586-3812,""
セブンイレブン 大分久原店,せぶんいれぶんおおいたくばるてん,大分県大分市久原南2丁目8番5号,097-592-6435,""
Yショップ大山,わいしよつぷおおやま,大分県日田市大山町西大山3559-1,0973523357,""
セブンイレブン 大分坂ノ市西店,せぶんいれぶんおおいたさかのいちにしてん,大分県大分市坂ノ市西2丁目10-48,097-593-4311,""
ココストア 安岐町店,ここすとああきまちてん,大分県国東市安岐町下原752-1,0978667375,""
セブンイレブン 大分佐野店,せぶんいれぶんおおいたさのてん,大分県大分市大字佐野字宮ノ下4440,097-592-2978,""
ココストア 生石店,ここすとあいくしてん,大分県大分市生石1-2-14,0975324705,""
セブンイレブン 大分下郡東店,せぶんいれぶんおおいたしもごうりひがしてん,大分県大分市下郡東1丁目6番7号,097-569-7634,""
ココストア 猪野店,ここすとあいのてん,大分県大分市森字北原1260-1,0975204421,""
セブンイレブン 大分下郡南店,せぶんいれぶんおおいたしもごうりみなみてん,大分県大分市下郡南1丁目7-11,097-567-3465,""
ココストア 大分キヤノン前店,ここすとあおおいたきやのんまえてん,大分県大分市迫丸山563-1,0975240588,""
セブンイレブン 大分新川町店,せぶんいれぶんおおいたしんかわまちてん,大分県大分市新川町2丁目1番5号,097-533-0041,""
ファミリーマート 大分東大道1丁目店,ふぁみりーまーと おおいたひがしおおみちいっちょうめてん,大分県大分市東大道1丁目6番24号,097-573-5051,""
セブンイレブン 大分高江店,せぶんいれぶんおおいたたかえてん,大分県大分市旦野原933番地2,097-568-6808,""
ココストア 大分高専前店,ここすとあおおいたこうせんまえてん,大分県大分市明野北2-14-6,0975563588,""
ファミリーマート 大分東浜1丁目店,ふぁみりーまーと おおいたひがしはまいっちょうめてん,大分県大分市東浜1丁目5-14,097-503-1360,""
ココストア おおが店,ここすとあおおがてん,大分県速見郡日出町大神字市原24-1,0977720480,""
セブンイレブン 大分西新地店,せぶんいれぶんおおいたにししんちてん,大分県大分市西新地1丁目2番1号,097-552-5236,""
ファミリーマート 大分府内町店,ふぁみりーまーと おおいたふないまちてん,大分県大分市府内町1丁目1-27,097-548-5331,""
セブンイレブン 大分萩原4丁目店,せぶんいれぶんおおいたはぎわらよんちょうめてん,大分県大分市萩原4丁目366番,097-558-3380,""
ココストア 亀川駅前店,ここすとあかめがわえきまえてん,大分県別府市亀川浜田町1002-14,0977661857,""
ファミリーマート 大分古国府店,ふぁみりーまーと おおいたふるごうてん,大分県大分市大字古国府607-2,097-573-5225,""
ココストア 寿町店,ここすとあことぶきまちてん,大分県大分市寿町6-24,0975350606,""
セブンイレブン 大分花津留店,せぶんいれぶんおおいたはなづるてん,大分県大分市花津留1丁目77,097-558-1413,""
ファミリーマート 大分三川新町店,ふぁみりーまーと おおいたみつがわしんまちてん,大分県大分市三川新町2-3-2,097-503-1135,""
ココストア 坂ノ市南店,ここすとあさかのいちみなみてん,大分県大分市坂の市南2-1-1,0975921006,""
ファミリーマート 大分皆春店,ふぁみりーまーと おおいたみなはるてん,大分県大分市大字皆春300番地の1,097-503-5575,""
セブンイレブン 大分羽屋店,せぶんいれぶんおおいたはやてん,大分県大分市大字羽屋字甲斐摺田72-8,097-545-4601,""
ココストア 津留店,ここすとあつるてん,大分県大分市古ヶ鶴2-136,0975521011,""
ファミリーマート 大分南春日店,ふぁみりーまーと おおいたみなみかすがてん,大分県大分市南春日町4番27号,097-573-6501,""
セブンイレブン 大分横尾店,せぶんいれぶんおおいたよこおてん,大分県大分市大字横尾字猪野原3603-1,097-520-1888,""
ココストア 流川店,ここすとあながれかわてん,大分県別府市楠町10-3,0977248971,""
セブンイレブン 大分横瀬店,せぶんいれぶんおおいたよこせてん,大分県大分市大字横瀬字田代63-6,097-542-0707,""
"","","","",""
ファミリーマート 大分南津留店,ふぁみりーまーと おおいたみなみつるてん,大分県大分市南津留10-6,097-555-9337,""
"","","","",""
ココストア 日出店,ここすとあひじてん,大分県速見郡日出町藤原2494-5,0977280036,""
セブンイレブン 佐伯城南町店,せぶんいれぶんさいきじょうなんまちてん,大分県佐伯市城南町6-28,0972-23-6315,""
ファミリーマート 大在プラザ店,ふぁみりーまーと おおざいぷらざてん,大分県大分市大字政所字村田2103-3-2,097-528-9755,""
セブンイレブン 佐伯中の島店,せぶんいれぶんさいきなかのしまてん,大分県佐伯市中の島2丁目5727番5,0972-23-1337,""
ココストア 別府駅前店,ここすとあべっぷえきまえてん,大分県別府市駅前町1931-6,0977251120,""
ファミリーマート 緒方店,ふぁみりーまーと おがたてん,大分県豊後大野市緒方町下自在38,0974-42-2556,""
セブンイレブン 中津相原店,せぶんいれぶんなかつあいはらてん,大分県中津市大字相原2803-69,0979-22-1020,""
ココストア 松岡店,ここすとあまつおかてん,大分県大分市毛井字寺の前245-1,0975201028,""
ファミリーマート 小野鶴店,ふぁみりーまーと おのづるてん,大分県大分市小野鶴715-8,097-586-1618,""
セブンイレブン 中津犬丸店,せぶんいれぶんなかついぬまるてん,大分県中津市犬丸725-1,0979-32-7877,""
ココストア 三佐店,ここすとあみさてん,大分県大分市三佐3-1-12,0975219750,""
"","","","",""
ファミリーマート 賀来店,ふぁみりーまーと かくてん,大分県大分市大字賀来3591,097-549-0806,""
セブンイレブン 中津今津大橋店,せぶんいれぶんなかついまづおおはしてん,大分県中津市鍋島779-1,0979-33-1101,""
ココストア 皆春店,ここすとあみなはるてん,大分県大分市皆春字内門596-3,0975241144,""
ファミリーマート 金谷迫店,ふぁみりーまーと かなやさこてん,大分県大分市大字金谷迫字持田1078-7,097-548-7217,""
ココストア 南大分店,ここすとあみなみおおいたてん,大分県大分市永興字三ヶ田187-6,0975453188,""
セブンイレブン 中津牛神店,せぶんいれぶんなかつうしがみてん,大分県中津市大字牛神220-6,0979-23-5439,""
ファミリーマート 杵築清水店,ふぁみりーまーと きつきせいすいてん,大分県杵築市大字杵築字清水870,0978-63-2336,""
セブンイレブン 中津大新田店,せぶんいれぶんなかつおおしんでんてん,大分県中津市大字大新田211-1,0979-23-3533,""
セブンイレブン 日田石井町店,せぶんいれぶん,大分県日田市大字石井字船渡603-5,0973-22-9900,""
セブンイレブン 中津沖代町2丁目店,せぶんいれぶんなかつおきだいまちにちようめてん,大分県中津市沖代町2丁目2-11,0979-24-7715,""
セブンイレブン 大分明野北店,せぶんいれぶん,大分県大分市明野北2丁目2204,097-551-3646,""
ローソン 大分海原店,ろーそん おおいたかいばらてん,大分県大分市大字海原字天神元839-1,097-527-3131,""
セブンイレブン 中津下池永店,せぶんいれぶんなかつしもいけながてん,大分県中津市大字下池永864-2,0979-22-1505,""
セブンイレブン 玖珠森店,せぶんいれぶん,大分県玖珠郡玖珠町大字森34-1,0973-72-0677,""
セブンイレブン 中津丸山町店,せぶんいれぶんなかつまるやまちようてん,大分県中津市丸山町80-2,0979-23-7701,""
セブンイレブン 大分中春日町店,せぶんいれぶん,大分県大分市中春日町15-12,097-536-0733,""
ローソン 大分賀来井ノ口店,ろーそん おおいたかくいのぐちてん,大分県大分市大字賀来井ノ口3975,097-549-5885,""
ファミリーマート 杵築八坂店,ふぁみりーまーと きつきやさかてん,大分県杵築市大字八坂字田計2478、他,0978-64-0750,""
セブンイレブン 大分川添店,せぶんいれぶん,大分県大分市大字宮河内4580番地1,097-528-1002,""
セブンイレブン 中津万田店,せぶんいれぶんなかつまんだてん,大分県中津市万田265-1,0979-24-8008,""
ローソン 大分賀来北二丁目店,ろーそん おおいたかくきた2ちようめてん,大分県大分市賀来北2丁目17-8,097-549-3063,""
ファミリーマート 玖珠大隈店,ふぁみりーまーと くすおおくまてん,大分県玖珠郡玖珠町大字大隈983-1,0973-72-0801,""
セブンイレブン 由布向原店,せぶんいれぶん,大分県由布市挾間町向原294-1,097-583-0557,""
セブンイレブン 日出暘谷駅前店,せぶんいれぶんひこようこくえきまえてん,大分県速見郡日出町3185番1,0977-72-6151,""
ファミリーマート 玖珠戸畑店,ふぁみりーまーと くすとばたてん,大分県玖珠郡玖珠町大字戸畑字峰632-1,0973-73-7078,""
ローソン 大分賀来店,ろーそん おおいたかくてん,大分県大分市賀来南1丁目8番21号,097-549-6700,""
セブンイレブン 日出赤松店,せぶんいれぶんひじあかまつてん,大分県速見郡日出町大字藤原6589-9,0977-76-7880,""
セブンイレブン 佐伯弥生店,せぶんいれぶん,大分県佐伯市弥生大字上小倉1078番地1,0972-46-2026,""
ファミリーマート 国東小原店,ふぁみりーまーと くにさきおわらてん,大分県国東市国東町小原1795-1,0978-73-0125,""
ローソン 大分片島店,ろーそん おおいたかたしまてん,大分県大分市大字片島字下津留394-1,0975682230,""
セブンイレブン 日田三本松店,せぶんいれぶんひたさんぼんまつてん,大分県日田市三本松2丁目1-1,0973-23-8663,""
セブンイレブン 大分金池町2丁目店,せぶんいれぶん,大分県大分市金池町2-28,097-538-3450,""
ファミリーマート 国東市民病院前店,ふぁみりーまーと くにさきしみんびょういんまえてん,大分県国東市安岐町下原字原口1475-1,0978-64-7732,""
ローソン 大分上判田店,ろーそん おおいたかみはんだてん,大分県大分市大字上判田字3632-1,0975974678,""
セブンイレブン 豊後大野三重赤嶺店,せぶんいれぶん,大分県豊後大野市三重町赤嶺1988-1,0974-22-6266,""
セブンイレブン 日田田島2丁目店,せぶんいれぶんひたたじまにちようめてん,大分県日田市田島2丁目1-6,0973-22-1739,""
ファミリーマート 熊崎店,ふぁみりーまーと くまさきてん,大分県臼杵市大字友田6-2,0972-63-8661,""
ローソン 大分上戸次店,ろーそん おおいたかみへつぎてん,大分県大分市大字上戸次字宇土ノ口6091-2,097-597-1370,""
セブンイレブン 日田玉川バイパス店,せぶんいれぶんひたたまがわばいぱすてん,大分県日田市大字渡里字水町1487-1,0973-23-7771,""
セブンイレブン 宇佐閤店,せぶんいれぶん うさこうてん,大分県宇佐市大字閤字屋敷100,0978-33-5757,""
ファミリーマート けやき台店,ふぁみりーまーと けやきだいてん,大分県大分市大字下戸次1538-2,097-597-8860,""
ローソン 大分上宗方店,ろーそん おおいたかみむなかたてん,大分県大分市大字上宗方字世利越647-4,097-541-7763,""
セブンイレブン 宇佐順風新田店,せぶんいれぶん うさじゅんぷうしんでんてん,大分県宇佐市大字順風新田字広田31-1,0978-38-2377,""
セブンイレブン 別府石垣東7丁目店,せぶんいれぶんべっぷいしがきひがしななちょうめてん,大分県別府市石垣東7丁目2055,0977-26-7727,""
ファミリーマート 県立病院西口店,ふぁみりーまーと けんりつびよういんにしぐちてん,大分県大分市大字畑中字無田929-1,097-544-0314,""
セブンイレブン 臼杵藤河内店,せぶんいれぶん うすきふじかわうちてん,大分県臼杵市藤河内字田中4699-1,0972-62-2988,""
ローソン 大分顕徳町店,ろーそん おおいたけんとくまちてん,大分県大分市顕徳町1-1-23,097-535-1108,""
ファミリーマート 佐伯中村北店,ふぁみりーまーと さいきなかむらきたてん,大分県佐伯市中村北町1906-1、他,0972-20-3066,""
セブンイレブン 別府荘園店,せぶんいれぶんべっぷしょうえんてん,大分県別府市大字鶴見字五反4207-1,0977-26-3888,""
セブンイレブン 大分城崎町店,せぶんいれぶん おおいたしろさきまちてん,大分県大分市城崎町1丁目79番,097-536-6218,""
ローソン 大分県立病院店,ろーそん おおいたけんりつびよういんてん,大分県大分市大字豊饒476,097-545-6484,""
ファミリーマート 佐伯常盤南店,ふぁみりーまーと さえきときわみなみてん,大分県佐伯市常盤南町3番2号,0972-25-1322,""
セブンイレブン 別府上人ケ浜店,せぶんいれぶんべっぷしょうにんがはまてん,大分県別府市上人ケ浜1412番6,0977-66-3770,""
ファミリーマート 佐賀関本神崎店,ふぁみりーまーと さがのせきほんこうざきてん,大分県大分市大字本神崎631-1,097-524-8584,""
ローソン 大分坂ノ市中央店,ろーそん おおいたさかのいちちゆうおうてん,大分県大分市大字坂ノ市字東浜田317-2,097-592-5995,""
セブンイレブン 大分松原町店,せぶんいれぶん おおいたまつばらまちてん,大分県大分市松原町1丁目3番7,097-556-0058,""
セブンイレブン 別府竹の内店,せぶんいれぶんべっぷたけのうちてん,大分県別府市竹の内1895-15,0977-24-0461,""
ファミリーマート 白滝橋店,ふぁみりーまーと しらたきばしてん,大分県大分市大字下判田2079-6,097-597-8977,""
"","","","",""
ローソン 大分下郡中央三丁目店,ろーそん おおいたしもごおりちゆうおう3ちようめてん,大分県大分市下郡中央3丁目2番5号,097-567-0066,""
セブンイレブン 大分都町店,せぶんいれぶん おおいたみやこまちてん,大分県大分市都町3丁目5番35号,097-536-8871,""
セブンイレブン 臼杵江無田店,"",大分県臼杵市大字江無田237-1,0972-63-2238,""
セブンイレブン 杵築南杵築店,せぶんいれぶん きつきみなみきつきてん,大分県杵築市大字南杵築1969番地1,0978-63-2577,""
ローソン 大分下郡バイパス店,ろーそん おおいたしもごおりばいぱすてん,大分県大分市大字下郡字川原瀬3053-7,097-567-7188,""
"","","","",""
セブンイレブン 大分大在店,"",大分県大分市大字大在2番,097-592-6458,""
セブンイレブン 国東鶴川店,せぶんいれぶん くにひがしつるかわてん,大分県国東市国東町鶴川1871-1,0978-72-3683,""
ファミリーマート JR大分駅店,ふぁみりーまーと じぇいあーるおおいたえきてん,大分県大分市要町1番40号,097-513-7055,""
ローソン 大分下郡南三丁目店,ろーそん おおいたしもごおりみなみ3ちようめてん,大分県大分市下郡南3-3-13,0975678178,""
セブンイレブン 大分岩田町店,"",大分県大分市大字津留1996-1,097-568-2570,""
セブンイレブン 佐伯長島町店,せぶんいれぶん さいきながしままちてん,大分県佐伯市長島町2丁目101,0972-24-2722,""
ファミリーマート JR中津駅店,ふぁみりーまーと じぇいあーるなかつえきてん,大分県中津市大字島田219-2,0979-85-0045,""
"","","","",""
"","","","",""
セブンイレブン 日田三和店,"",大分県日田市大字三和1025-1,0973-22-4032,""
ローソン 大分下郡南五丁目店,ろーそん おおいたしもごおりみなみ5ちようめてん,大分県大分市下郡南5-206,0975685208,""
セブンイレブン 佐伯インター店,せぶんいれぶん さえきいんたーてん,大分県佐伯市鶴岡西町1丁目231番地,0972-23-6563,""
ローソン 大分城原店,ろーそん おおいたじようはるてん,大分県大分市大字城原字蔵屋敷384-1,097-592-5885,""
ファミリーマート JR別府駅店,ふぁみりーまーと じぇいあーるべっぷえきてん,大分県別府市駅前町12-13,0977738010,""
セブンイレブン 佐伯池田店,"",大分県佐伯市大字池田字尾ノ下1314-1,0972-23-3827,""
セブンイレブン 佐伯蟹田店,せぶんいれぶん さえきかにたてん,大分県佐伯市蟹田10201-1,0972-22-6686,""
ファミリーマート 住吉浜店,ふぁみりーまーと すみよしはまてん,大分県杵築市大字守江字塩屋原4778-6,0978-64-9145,""
ローソン 大分碩田町二丁目店,ろーそん おおいたせきでんまち2ちようめてん,大分県大分市碩田町2-1-40,097-533-7277,""
セブンイレブン 大分錦町店,"",大分県大分市錦町2丁目14番12号,097-533-9018,""
セブンイレブン 大分明野南3丁目店,せぶんいれぶん だいぶあけのみなみ3ちょうめてん,大分県大分市明野南3丁目2405番2,097-556-6521,""
ローソン 大分寒田店,ろーそん おおいたそうだてん,大分県大分市大字寒田字大畑900-1,097-569-5382,""
セブンイレブン 大分インター店,せぶんいれぶん だいぶいんたーてん,大分県大分市大字三芳1073-1,097-547-0116,""
セブンイレブン 宇佐糸口店,"",大分県宇佐市大字下時枝560,0978-33-5575,""
ローソン 大分高田店,ろーそん おおいたたかだてん,大分県大分市大字南字東鶴5-1,097-521-0027,""
セブンイレブン 由布庄内小野屋店,"",大分県由布市庄内町東長宝420-5,097-582-1645,""
セブンイレブン 大分荏隈店,せぶんいれぶん だいぶえのくまてん,大分県大分市大字荏隈417番52,097-545-5661,""
ローソン 日田駅北口店,ろーそん ひたえききたぐちてん,大分県日田市田島1-7-14,0973-24-7666,""
ローソン 大分滝尾橋店,ろーそん おおいたたきおばしてん,大分県大分市北下郡11-1,097-567-3695,""
ファミリーマート 勢家町四丁目店,ふぁみりーまーと せいけまちよんちょうめてん,大分県大分市勢家町4丁目855-1,097-540-5012,""
セブンイレブン 佐伯海崎店,"",大分県佐伯市大字海崎字浜185番1,0972-27-6606,""
ローソン 日田十二町店,ろーそん ひたじゆうにちようてん,大分県日田市大字十二町字岸高586-4,0973-23-5118,""
セブンイレブン 大分奥田店,せぶんいれぶん だいぶおくだてん,大分県大分市奥田字相家田654-2,097-546-8885,""
ローソン 大分竹町通り店,ろーそん おおいたたけまちどおりてん,大分県大分市中央町2-7-18,097-533-9301,""
ファミリーマート 寺崎町一丁目店,ふぁみりーまーと てらさきまちいっちょうめてん,大分県大分市寺崎町1-2-9,097-555-9822,""
セブンイレブン 大分志手椎迫店,せぶんいれぶん だいぶしてしいざこてん,大分県大分市大字三芳2185-5,097-546-5218,""
ローソン 日田高瀬店,ろーそん ひたたかせてん,大分県日田市大字高瀬字今市85-1,0973-24-2005,""
ファミリーマート 中津牛神店,ふぁみりーまーと なかつうしがみてん,大分県中津市大字牛神町1-15-1,0979-24-3077,""
セブンイレブン 大分高田店,"",大分県大分市大字南111番1,097-523-0762,""
ローソン 大分田尻店,ろーそん おおいたたじりてん,大分県大分市大字田尻字麦生田231-1,097-542-2332,""
セブンイレブン 大分新春日町店,せぶんいれぶん だいぶしんかすがちょうてん,大分県大分市新春日町1丁目1105番1,097-545-1536,""
ローソン 大分田原店,ろーそん おおいたたばるてん,大分県大分市大字田原字五反田888-1,097-542-6838,""
ファミリーマート 中津大貞店,ふぁみりーまーと なかつおおさだてん,大分県中津市大字大貞字371-77,0979-27-9078,""
ローソン 日田中央店,ろーそん ひたちゆうおうてん,大分県日田市中央2丁目 2-10,0973-22-1660,""
セブンイレブン 大分城東町店,"",大分県大分市城東町174,097-551-8607,""
セブンイレブン 大分碩田町店,せぶんいれぶん だいぶせきでんまちてん,大分県大分市碩田町3-3-24,097-536-0220,""
ローソン 大分田室町店,ろーそん おおいたたむろまちてん,大分県大分市田室町8-17,097-554-5127,""
ファミリーマート 中津北店,ふぁみりーまーと なかつきたてん,大分県中津市大字大新田字拾番通り435-2,0979-27-0330,""
セブンイレブン 大分山津町2丁目店,"",大分県大分市山津町2丁目6-17,097-552-6013,""
ローソン 日田友田店,ろーそん ひたともだてん,大分県日田市大字友田字荻鶴998,0973-24-5390,""
ローソン 大分駄原店,ろーそん おおいただのはるてん,大分県大分市大字駄原字勢駄志原2881,097-545-7610,""
セブンイレブン 大分空港店,"",大分県国東市安岐町下原13番地,0978-64-7554,""
セブンイレブン 大分生石5丁目店,せぶんいれぶん だいぶなまいし5ちょうめてん,大分県大分市生石5-760-7,097-533-0065,""
ローソン 日田三和店,ろーそん ひたみわてん,大分県日田市大字三和字渕ノ上110-2,0973-23-5353,""
ファミリーマート 中津大悟法店,ふぁみりーまーと なかつだいごほうてん,大分県中津市大字大悟法101-1,0979-26-5521,""
ローソン 大分中央町店,ろーそん おおいたちゆうおうまちてん,大分県大分市中央町4-40-1,097-535-2441,""
セブンイレブン 日田高瀬店,"",大分県日田市大字高瀬1223-2,0973-24-3055,""
セブンイレブン 宇佐別府店,"",大分県宇佐市大字別府上居屋敷380,0978-33-1726,""
ファミリーマート 中津中央町二丁目店,ふぁみりーまーと なかつちゅうおうまちにちょうめてん,大分県中津市中央町二丁目8-67,0979-26-0225,""
セブンイレブン 大分萩原2丁目店,せぶんいれぶん だいぶはぎはら2ちょうめてん,大分県大分市萩原2丁目146,097-551-0012,""
ローソン 古国府店,ろーそん ふるごうてん,大分県大分市大字古国府字甲尺面694-6,0975458463,""
ローソン 大分千代町一丁目店,ろーそん おおいたちよまち1ちようめてん,大分県大分市千代町1丁目1-25,097-536-0882,""
セブンイレブン 玖珠山田店,"",大分県玖珠郡玖珠町山田291番地1,0973-72-5888,""
セブンイレブン 大分花江川店,せぶんいれぶん だいぶはなえがわてん,大分県大分市花江川141番,097-523-6365,""
ローソン 豊後高田界店,ろーそん ぶんごたかださかいてん,大分県豊後高田市大字界字三角626-1,0978-24-4377,""
ローソン 大分千代町四丁目店,ろーそん おおいたちよまち4ちようめてん,大分県大分市千代町4-4-4,097-536-7978,""
ファミリーマート 中津宮夫店,ふぁみりーまーと なかつみやぶてん,大分県中津市大字宮夫62番地1,0979-26-0210,""
セブンイレブン 大分大在北2丁目店,"",大分県大分市大在北2丁目7番32号,097-592-6301,""
ローソン 大分角子原店,ろーそん おおいたつのこばるてん,大分県大分市角子南2-100,097-528-8078,""
ローソン 別府石垣西六丁目店,ろーそん べつぷいしがきにし6ちようめてん,大分県別府市石垣西6丁目1番52号,0977213557,""
ファミリーマート 中戸次店,ふぁみりーまーと なかへつぎてん,大分県大分市大字中戸次4813番地,097-597-7921,""
セブンイレブン 大分松岡店,せぶんいれぶん だいぶまつおかてん,大分県大分市大字松岡字上堺前3602番1,097-520-5268,""
ローソン 大分中島中央二丁目店,ろーそん おおいたなかしまちゆうおう2ちようめてん,大分県大分市中島中央2-2-27,097-533-6339,""
ファミリーマート 野津店,ふぁみりーまーと のつてん,大分県臼杵市野津町大字宮原3684-1,0974-32-3038,""
セブンイレブン 大分古国府店,"",大分県大分市大字古国府679-1,097-545-0412,""
セブンイレブン 大分森町店,せぶんいれぶん だいぶもりまちてん,大分県大分市大字森町554-1,097-523-5118,""
ローソン 別府扇山店,ろーそん べつぷおおぎやまてん,大分県別府市大字鶴見字前田1724-5,0977-21-4604,""
ファミリーマート 野津原店,ふぁみりーまーと のつはるてん,大分県大分市大字野津原字中牟田951-1,097-586-4333,""
ローソン 大分仲西町一丁目店,ろーそん おおいたなかにしまち1ちようめてん,大分県大分市仲西町1-10-33,0975581876,""
セブンイレブン 大分弁天店,"",大分県大分市弁天2-2-3,097-533-0341,""
セブンイレブン 大分八幡店,せぶんいれぶん だいぶやはたてん,大分県大分市大字八幡25番6号,097-533-0545,""
セブンイレブン 大分野津原店,"",大分県大分市大字野津原172番2号,097-588-1139,""
ファミリーマート 羽屋店,ふぁみりーまーと はやてん,大分県大分市大字羽屋734-1,097-573-5477,""
"","","","",""
ローソン 別府上田の湯店,ろーそん べつぷかみたのゆてん,大分県別府市上田の湯町2022-1,0977-26-0290,""
セブンイレブン 大分横田1丁目店,せぶんいれぶん だいぶよこた1ちょうめてん,大分県大分市横田1丁目400番,097-592-0992,""
ローソン 大分仲西町二丁目店,ろーそん おおいたなかにしまち2ちようめてん,大分県大分市仲西町2-4-20,097-556-6701,""
ファミリーマート 日出川崎店,ふぁみりーまーと ひじかわさきてん,大分県速見郡日出町大字川崎3672番地2,0977-28-0156,""
ローソン 別府亀川店,ろーそん べつぷかめがわてん,大分県別府市亀川浜田町2-6,0977-66-1166,""
セブンイレブン 津久見松崎店,せぶんいれぶん つくみまつざきてん,大分県津久見市セメント町9-8,0972-82-4107,""
セブンイレブン 大分鴛野店,"",大分県大分市鴛野1379番1,097-569-0205,""
ローソン 大分中戸次店,ろーそん おおいたなかへつぎてん,大分県大分市大字中戸次字馬場5934-1,097-597-0248,""
ファミリーマート 日出豊岡店,ふぁみりーまーと ひじとよおかてん,大分県速見郡日出町大字豊岡308-1,0977-28-1401,""
"","","","",""
ローソン 別府観光港店,ろーそん べつぷかんこうこうてん,大分県別府市汐見町8-27,0977-21-3963,""
セブンイレブン 大分荷揚町店,"",大分県大分市荷揚町9番21,097-532-1788,""
セブンイレブン 中津駅北店,せぶんいれぶん なかつえききたてん,大分県中津市大字島田774-1,0979-23-3911,""
ファミリーマート 府内町一丁目店,ふぁみりーまーと ふないまちいっちょうめてん,大分県大分市府内町1-2-2-1,097-513-0381,""
ローソン 大分荷揚町店,ろーそん おおいたにあげまちてん,大分県大分市荷揚町26,097-532-2878,""
セブンイレブン 別府大畑店,"",大分県別府市大畑4組2,0977-21-9561,""
セブンイレブン 中津東浜店,せぶんいれぶん なかつひがしはまてん,大分県中津市大字東浜1074-1,0979-22-6108,""
ファミリーマート 豊後高田新地店,ふぁみりーまーと ぶんごたかだしんちてん,大分県豊後高田市新地1041-1,0978-23-1051,""
ローソン 別府鉄輪店,ろーそん べつぷかんなわてん,大分県別府市大字鉄輪950-1,0977-66-9800,""
セブンイレブン 中津本耶馬溪町店,せぶんいれぶん なかつほんやばけいまちてん,大分県中津市本耶馬溪町樋田300,0979-52-3133,""
"","","","",""
ローソン 大分にじが丘一丁目店,ろーそん おおいたにじがおか1ちようめてん,大分県大分市にじが丘1-13-1,097-554-4170,""
セブンイレブン 別府石垣西3丁目店,"",大分県別府市石垣西3丁目5番8号,0977-24-6650,""
ファミリーマート 別府石垣西店,ふぁみりーまーと べっぷいしがきにしてん,大分県別府市石垣西7丁目4-15,0977-73-8211,""
セブンイレブン 日出駅前店,せぶんいれぶん にちしゅつえきまえてん,大分県速見郡日出町大字川崎813-2,0977-73-2215,""
ローソン 別府北石垣店,ろーそん べつぷきたいしがきてん,大分県別府市大字北石垣字古寺1454,097-723-2575,""
セブンイレブン 大分城原店,"",大分県大分市大字城原451番,097-592-3788,""
ローソン 大分萩原一丁目店,ろーそん おおいたはぎわら1ちようめてん,大分県大分市萩原1丁目2番31号,097-553-1047,""
ファミリーマート 別府石垣東店,ふぁみりーまーと べっぷいしがきひがしてん,大分県別府市石垣東3丁目5-15,0977-27-5288,""
"","","","",""
セブンイレブン 日出インター店,せぶんいれぶん にちでいんたーてん,大分県速見郡日出町大字藤原2372番2,0977-73-1603,""
ローソン 別府北的ヶ浜町店,ろーそん べつぷきたまとがはまちようてん,大分県別府市北的ヶ浜町1225,0977-25-3963,""
セブンイレブン 大分下郡中央店,"",大分県大分市下郡中央2丁目9-11,097-568-3526,""
ローソン 大分萩原三丁目店,ろーそん おおいたはぎわら3ちようめてん,大分県大分市萩原3丁目1番1号,097-504-3336,""
セブンイレブン 日出佐尾店,せぶんいれぶん にちでさおてん,大分県速見郡日出町字平早水3902-13,0977-72-1134,""
ローソン 別府上人南店,ろーそん べつぷしようにんみなみてん,大分県別府市大字北石垣字林前田756-3,0977-66-6300,""
ファミリーマート 別府インター前店,ふぁみりーまーと べっぷいんたーまえてん,大分県別府市大字南立石395-58外1筆,0977-73-4145,""
セブンイレブン 大分中鶴崎2丁目店,"",大分県大分市中鶴崎2丁目5番17号,097-523-4508,""
セブンイレブン 日出豊岡店,せぶんいれぶん にちでとよおかてん,大分県速見郡日出町大字平道字入江1876番12,0977-72-7152,""
ローソン 別府新港町店,ろーそん べつぷしんみなとまちてん,大分県別府市新港町82,0977-23-2338,""
ローソン 大分萩原四丁目店,ろーそん おおいたはぎわら4ちようめてん,大分県大分市萩原4-215,097-556-7421,""
ファミリーマート 別府汐見店,ふぁみりーまーと べっぷしおみてん,大分県別府市汐見町7番36号,0977-73-8327,""
セブンイレブン 大分中島中央店,"",大分県大分市中島中央3丁目3番15号,097-538-5092,""
"","","","",""
ファミリーマート 別府末広町店,ふぁみりーまーと べっぷすえひろまちてん,大分県別府市末広町3-7,0977-73-5806,""
セブンイレブン 湯布院湯の坪店,"",大分県由布市湯布院町川上3011-4,0977-84-5538,""
ローソン 大分浜の市二丁目店,ろーそん おおいたはまのいち2ちようめてん,大分県大分市浜の市二丁目1-4,097-533-6725,""
ローソン 別府鶴見ヶ丘店,ろーそん べつぷつるみがおかてん,大分県別府市大字鶴見字尾ノ根2784-1,0977-27-0707,""
セブンイレブン 日出大神店,せぶんいれぶん ひじおおがてん,大分県速見郡日出町大字大神1400-1,0977-72-7760,""
セブンイレブン 佐伯上岡店,"",大分県佐伯市大字上岡3403-1,0972-23-3006,""
フジスエ酒店,ふじすえさけてん,大分県佐伯市弥生大字江良1029-2,0972-46-0638,""
ファミリーマート 別府荘園店,ふぁみりーまーと べっぷそうえんてん,大分県別府市荘園2-1,0977-26-6811,""
セブンイレブン 大分政所店,"",大分県大分市大字政所3788番1,097-592-5163,""
ローソン 大分原新町店,ろーそん おおいたはるしんまちてん,大分県大分市原新町309,097-551-8788,""
セブンイレブン 日田本町店,せぶんいれぶん ひたほんまちてん,大分県日田市本町9番23号,0973-22-7265,""
ローソン 別府鶴見店,ろーそん べつぷつるみてん,大分県別府市大字鶴見字木ノ原2871-1,0977-26-0269,""
ふじよしストア,ふじよしすとあ,大分県竹田市大字会々4773-5,0974-62-4815,""
"","","","",""
セブンイレブン 杵築北浜店,"",大分県杵築市大字杵築字北浜700番1-2,0978-63-5215,""
ローソン 大分東鶴崎三丁目店,ろーそん おおいたひがしつるさき3ちようめてん,大分県大分市東鶴崎3-4-22,097-527-6803,""
セブンイレブン 豊後高田新地店,せぶんいれぶん ぶんごたかだしんちてん,大分県豊後高田市新地1009-1,0978-24-2155,""
フレッシュマートたちばな,ふれつしゆまーとたちばな,大分県日田市大字上野29-1,0973-23-7700,""
セブンイレブン 大分菰田店,"",大分県大分市大字松岡1742-1,097-520-4101,""
ローソン 別府流川通店,ろーそん べつぷながれかわとおりてん,大分県別府市秋葉町9-25,0977-25-3967,""
ローソン 大分府内五番街店,ろーそん おおいたふないごばんがいてん,大分県大分市府内町2-97-9,097-537-8347,""
ファミリーマート 別府中央町店,ふぁみりーまーと べっぷちゅうおうまちてん,大分県別府市中央町2番6号,0977-73-8101,""
セブンイレブン 安心院店,"",大分県宇佐市安心院町木裳275番地1,0978-44-0116,""
ベストマート天瀬店,べすとまーとあまがせてん,大分県日田市天瀬町女子畑1787-1,0973-57-3153,""
セブンイレブン 豊後高田西新町店,せぶんいれぶん ぶんごたかだにししんまちてん,大分県豊後高田市高田2307-13,0978-24-0240,""
ローソン 別府西野口町店,ろーそん べつぷにしのぐちまちてん,大分県別府市西野口町12-5,0977-25-4272,""
ローソン 大分豊饒店,ろーそん おおいたぶにようてん,大分県大分市大字豊饒字切戸263-3,0975735577,""
ローソン 別府浜町店,ろーそん べつぷはままちてん,大分県別府市浜町1-7,0977-24-8877,""
ミニストップ ISM玖珠SA下り店,みにすとっぷいずむくすさーびすえりあくだりてん,大分県玖珠郡玖珠町大字戸畑七ツエ496番,0973-72-6226,""
ファミリーマート 別府鶴見店,ふぁみりーまーと べっぷつるみてん,大分県別府市荘園町6-2,0977-23-6000,""
ベストマートうちだ,べすとまーとうちだ,大分県豊後高田市森48-5,0978-22-2507,""
セブンイレブン 別府石垣西店,せぶんいれぶん べっぷいしがきにしてん,大分県別府市石垣西10丁目4-54,0977-23-8205,""
ローソン 大分戸次小学校入口店,ろーそん おおいたへつぎしようがつこういりくてん,大分県大分市大字中戸次字荒内4241-1,097-597-0878,""
ローソン 別府光町店,ろーそん べつぷひかりまちてん,大分県別府市光町7-19,0977240545,""
ベストマート国東店,べすとまーとくにさきてん,大分県国東市国東町鶴川1823-1,0978-72-0037,""
ファミリーマート 別府天満町店,ふぁみりーまーと べっぷてんまんちょうてん,大分県別府市天満町6番33号,0977-73-9190,""
ミニストップ 日田下井手町店,みにすとっぷひたしもいでまちてん,大分県日田市下井手町61番,0973-24-6006,""
セブンイレブン 別府北中店,せぶんいれぶん べっぷきたなかてん,大分県別府市大字鶴見字石田91番1,0977-66-3521,""
ローソン 別府南立石店,ろーそん べつぷみなみたていしてん,大分県別府市大字南立石一区字丸尾2241-2,0977-26-4811,""
ローソン 大分舞鶴町一丁目店,ろーそん おおいたまいづるちよう1ちようめてん,大分県大分市舞鶴町1-2-1,097-537-3383,""
ファミリーマート 別府浜町店,ふぁみりーまーと べっぷはままちてん,大分県別府市浜町5246-11,0977-73-8667,""
ファミリーマート 猪野店,ふぁみりーまーと いのてん,大分県大分市大字猪野字實操719-1、他1筆,097-503-5020,""
ベストマートまるいち,べすとまーとまるいち,大分県臼杵市大字臼杵港町東6,0972-63-6633,""
ローソン 別府餅ケ浜店,ろーそん べつぷもちがはまてん,大分県別府市餅ヶ浜町77,0977-77-3013,""
ローソン 大分牧一丁目店,ろーそん おおいたまき1ちようめてん,大分県大分市牧1-175-2,097-551-2727,""
セブンイレブン 別府田の湯町店,せぶんいれぶん べっぷたのゆまちてん,大分県別府市田の湯町8番13号,0977-26-2160,""
ファミリーマート 宇佐中央店,ふぁみりーまーと うさちゅうおうてん,大分県宇佐市大字上田字岩金927-1,0978-34-9331,""
ミニコンビ鶴崎,みにこんびつるさき,大分県大分市大字鶴崎2710-4,097-521-1630,""
ファミリーマート 別府南立石店,ふぁみりーまーと べっぷみなみたていしてん,大分県別府市南立石一区5組2A,0977-73-8656,""
ローソン 別府もみじ坂店,ろーそん べつぷもみじざかてん,大分県別府市大字南立石一区字中津留道北2139-1,0977-26-5178,""
メディショップ秋葉店,めでいしよつぷあきばてん,大分県別府市秋葉町8-24,0977-26-5131,""
セブンイレブン 別府大学前店,せぶんいれぶん べっぷだいがくまえてん,大分県別府市上人西2組1,0977-67-4585,""
ファミリーマート 別府南的ヶ浜町店,ふぁみりーまーと べっぷみなみまとがはままちてん,大分県別府市南的ヶ浜町5-19,0977-27-0313,""
ローソン 大分松岡小学校前店,ろーそん おおいたまつおかしようがつこうまえてん,大分県大分市大字松岡字亀井5084-1,097-520-0090,""
ローソン 本耶馬溪町店,ろーそん ほんやばけいまちてん,大分県中津市本耶馬溪町大字曽木字中代1869-1,0979-52-3570,""
ファミリーマート 宇佐バイパス店,ふぁみりーまーと うさばいぱすてん,大分県宇佐市大字山下字柚ノ木1168,0978-34-9977,""
ヤマザキショップささき,やまざきしよつぷささき,大分県宇佐市大字北宇佐1802-1,0978-37-0295,""
ローソン 三重市場店,ろーそん みえいちばてん,大分県豊後大野市三重町市場字高市13-1,0974-22-3356,""
ローソン 大分松岡店,ろーそん おおいたまつおかてん,大分県大分市大字松岡字筒井ノ下3519-1,097-520-5541,""
ファミリーマート 別府若草町店,ふぁみりーまーと べっぷわかくさまちてん,大分県別府市若草町5番10号,0977-73-8331,""
ファミリーマート 宇佐フラワーロード店,ふぁみりーまーと うさふらわーろーどてん,大分県宇佐市下高722番2,0978-34-0063,""
セブンイレブン 別府流川通店,せぶんいれぶん べっぷりゅうかわつうてん,大分県別府市光町21番18号,0977-23-0315,""
"","","","",""
ローソン 三重総合高校前店,ろーそん みえそうごうこうこうまえてん,大分県豊後大野市三重町市場字広石857-1,0974-22-8522,""
ヤマザキYショップ,やまざきわいしよつぷ,大分県日田市天瀬町合田3149-1,0973-57-2104,""
ファミリーマート 三重原店,ふぁみりーまーと みえのはらてん,大分県豊後大野市三重町芦刈481-17,0974-26-4035,""
ローソン 三重町赤嶺店,ろーそん みえまちあかみねてん,大分県豊後大野市三重町赤嶺字大原1149-5,0974-24-0188,""
ファミリーマート 宇佐四日市店,ふぁみりーまーと うさよっかいちてん,大分県宇佐市大字四日市字取合47番1,0978-34-1073,""
ローソン 大分松原店,ろーそん おおいたまつばらてん,大分県大分市松原町1-1-1,097-558-0664,""
セブンイレブン 別府タワー店,せぶんいれぶん べつぷたわーてん,大分県別府市北浜3丁目818-166,0977-23-7703,""
有限会社角商店,ゆうげんがいしやすみしようてん,大分県中津市三光森山683-1,0979-43-2016,""
ファミリーマート 三川店,ふぁみりーまーと みつがわてん,大分県大分市三川下3-6-15,097-503-0936,""
ローソン 武蔵古市店,ろーそん むさしふるいちてん,大分県国東市武蔵町古市23-3,0978-69-0888,""
有限会社高橋商店,ゆうげんがいしやたかはししようてん,大分県国東市安岐町成久15-2,0978-67-0018,""
ファミリーマート 臼杵インター店,ふぁみりーまーと うすきいんた?てん,大分県臼杵市大字望月字清太郎63-1,0972-64-0880,""
ローソン 大分政所店,ろーそん おおいたまどころてん,大分県大分市大字政所字村田2124-6,097-592-9822,""
セブンイレブン 別府鉄輪店,せぶんいれぶん べふかんなわてん,大分県別府市大字鉄輪693番4,0977-66-7041,""
ローソン 山国町店,ろーそん やまくにちようてん,大分県中津市山国町大字中摩字柿之木田3563-4,0979-62-3118,""
よしのやストアー,よしのやすとあー,大分県大分市大字辻726,097-595-0253,""
ファミリーマート 都町四丁目店,ふぁみりーまーと みやこまちよんちょうめてん,大分県大分市都町4-3-1,097-548-5030,""
ローソン 大分三佐店,ろーそん おおいたみさてん,大分県大分市三佐6丁目13番1号,097-528-8701,""
RIC院内円座店,りつくいんないえんざてん,大分県宇佐市院内町 櫛野113-1,0978-42-6077,""
ローソン 弥生大坂本店,ろーそん やよいおおさかもとてん,大分県佐伯市弥生大字大坂本字本田下1647-1,0972-25-3211,""
ファミリーマート 大分青崎店,ふぁみりーまーと おおいたあおさきてん,大分県大分市青崎2丁目1-46,097-503-7211,""
セブンイレブン 由布挾間店,せぶんいれぶん ゆうはさまてん,大分県由布市挾間町挾間字立烏帽子485番地1,097-583-6475,""
ファミリーマート 武蔵町店,ふぁみりーまーと むさしまちてん,大分県国東市武蔵町古市138-1,0978-69-0494,""
リック(RIC)くにさき,りつくくにさき,大分県国東市国東町田深819,0978-72-0028,""
ローソン 湯布院川上店,ろーそん ゆふいんかわかみてん,大分県由布市湯布院町川上字上湯1445-1,0977-85-3963,""
セブンイレブン 安岐塩屋店,せぶんいれぶんあきしおやてん,大分県国東市安岐町塩屋字古屋敷299番1,0978-67-2969,""
ローソン 大分光吉店,ろーそん おおいたみつよしてん,大分県大分市大字光吉字西津留906-1,097-567-4199,""
リック(RIC)さいき,りつくさいき,大分県佐伯市駅前2-8-38,0972-20-0230,""
ファミリーマート 大分オアシス店,ふぁみりーまーと おおいたおあしすてん,大分県大分市高砂町12番,097-514-3100,""
ファミリーマート 米良バイパス店,ふぁみりーまーと めらばいぱすてん,大分県大分市大字羽田97-1コミュニティ羽田3,097-567-6675,""
リックすだ,りつくすだ,大分県豊後大野市三重町 菅生1652,0974-22-0734,""
ローソン 湯布院中央店,ろーそん ゆふいんちゆうおうてん,大分県由布市湯布院町川上字下川原2912-24,0977-28-8350,""
ローソン 大分都町店,ろーそん おおいたみやこまちてん,大分県大分市都町2-44,097-533-0406,""
"","","","",""
ファミリーマート 山香店,ふぁみりーまーと やまがてん,大分県杵築市山香町大字広瀬481-1,0977-75-1130,""
ファミリーマート 大分大道町3丁目店,ふぁみりーまーと おおいたおおみちまちさんちょうめてん,大分県大分市大道町3丁目4-51,097-573-5556,""
ファミリーマート 弥生井崎店,ふぁみりーまーと やよいいさきてん,大分県佐伯市弥生大字井崎994-2,0972-25-3827,""
Yショップ安岐たかはし店,わいしよつぷあきたかはしてん,大分県国東市安岐町成久45-1,0978-67-2218,""
ローソン 湯布院野田店,ろーそん ゆふいんのだてん,大分県由布市湯布院町川上字野田3066-2,0977-84-3811,""
ローソン 大分森店,ろーそん おおいたもりてん,大分県大分市大字森字太郎丸402-11,097-521-6969,""
ファミリーマート 大分乙津港町店,ふぁみりーまーと おおいたおとづみなとまちてん,大分県大分市乙津港町二丁目5番38号,097-503-6006,""
ファミリーマート 由布挾間店,ふぁみりーまーと ゆふはさまてん,大分県由布市挾間町挾間514-1,097-586-3812,""
YショップアローM,わいしよつぷあろーえむ,大分県大分市大字旦野原837-2,097-567-3933,""
ローソン 由布挾間店,ろーそん ゆふはざまてん,大分県由布市挾間町挾間731-1,0975832100,""
"","","","",""
Yショップ泉屋,わいしよつぷいずみや,大分県国東市国見町 小熊毛125-1,0978-83-0343,""
ファミリーマート 陽光台店,ふぁみりーまーと ようこうだいてん,大分県大分市大字種具1082番地2,097-503-6886,""
ローソン 大分横尾店,ろーそん おおいたよこおてん,大分県大分市大字横尾字大久保3933-36,097-520-4803,""
"","","","",""
ファミリーマート 大分五号地店,ふぁみりーまーと おおいたごごうちてん,大分県大分市弁天2丁目1970-20,097-540-6953,""
ローソンサテライト 大分県庁店,ろーそんさてらいと おおいたけんちようてん,大分県大分市大手町3-1-1,097-540-6220,""
ローソン 大野朝地店,ろーそん おおのあさじてん,大分県豊後大野市朝地町朝地字五反面578-1,0974-72-1381,""
Yショップいとぐち店,わいしよつぷいとぐちてん,大分県宇佐市大字下高616-2,0978-33-2557,""
"","","","",""
ローソン 大野犬飼店,ろーそん おおのいぬかいてん,大分県豊後大野市犬飼町田原字立野244,097-578-0203,""
ファミリーマート ReSPOT玖珠SA上り店,ふぁみりーまーと りすぽっとくすえすえーのぼりてん,大分県玖珠郡玖珠町大字戸畑字七ツエ542番,0973-72-9112,""
ファミリーマート 大分高城駅前店,ふぁみりーまーと おおいたたかじょうえきまえてん,大分県大分市高城本町1番3号,097-554-1221,""
ローソンプラス 別府生目店,ろーそんぷらす べつぷいきめてん,大分県別府市大字南立石二区字向原1082-206,0977-26-5026,""
ローソン 大野野津店,ろーそん おおののつてん,大分県臼杵市野津町大字野津市字間戸2211,0974-32-7680,""
Yショップおばた,わいしよつぷおばた,大分県中津市角木町91-1,0979-22-0676,""
ファミリーマート 六坊北町店,ふぁみりーまーと ろくぼうきたまちてん,大分県大分市六坊北町4501-22,097-573-5252,""
ファミリーマート 大分大学旦野原店,ふぁみりーまーと おおいただいがくだんのはらてん,大分県大分市大字旦野原字大迫680番地1,097-504-7331,""
ローソンプラス 別府大学通店,ろーそんぷらす べつぷだいがくどおりてん,大分県別府市上人仲町689-5,0977-66-9131,""
ローソン 杵築相原店,ろーそん きつきあいはらてん,大分県杵築市大字相原字新田道2-21,0978-62-4050,""
Yショップ杵築住吉浜店,わいしよつぷきつきすみよしはまてん,大分県杵築市大字守江4785-1,0978-63-8085,""
ローソン 安岐塩屋店,ろーそん あきしおやてん,大分県国東市安岐町塩屋字水呉1581-2,0978-67-3963,""
ローソン 杵築猪尾店,ろーそん きつきいのおてん,大分県杵築市大字猪尾64番地1,0978-62-4800,""
Yショップ国東市民病院店,わいしよつぷくにさきしみんびよういんてん,大分県国東市安岐町下原1456,0978-67-3601,""
ファミリーマート 大分中央町2丁目店,ふぁみりーまーと おおいたちゅうおうまちにちょうめてん,大分県大分市中央町2丁目7-29,097-513-4551,""
アイショップ小池原店,あいしよつぷこいけばるてん,大分県大分市大字小池原23-1,097-556-3832,""
ローソン 安心院店,ろーそん あじむてん,大分県宇佐市安心院町下毛字室2012-1,0978-44-1239,""
Yショップ国東店,わいしよつぷくにさきてん,大分県国東市国東町安国寺911-1,0978-72-0231,""
ローソン 杵築北浜店,ろーそん きつききたはまてん,大分県杵築市大字杵築字北浜665-29,0978-63-3556,""
ファミリーマート 大分西鶴崎1丁目店,ふぁみりーまーと おおいたにしつるさきいっちょうめてん,大分県大分市西鶴崎1丁目122-12,097-524-0301,""
Yショップたかた,わいしよつぷたかた,大分県中津市耶馬溪町大字戸原71-2,0979-54-2846,""
あすなろ宿泊型自立訓練,あすなろしゆくはくがたじりつくんれん,大分県大分市久原南1-1-8,097-592-7383,""
ローソン 玖珠グリーンプラザ店,ろーそん くすぐり-んぷらざてん,大分県玖珠郡玖珠町大字塚脇字六十六間647-1,0973-72-7333,""
ローソン 宇佐辛島店,ろーそん うさからしまてん,大分県宇佐市大字辛島字馬場234-1,0978-33-1911,""
今勢屋,いませや,大分県竹田市大字竹田町502-3,0974-63-3434,""
ファミリーマート 大分浜町店,ふぁみりーまーと おおいたはままちてん,大分県大分市大字勢家1098番283,097-548-6212,""
ローソン 玖珠長野店,ろーそん くすながのてん,大分県玖珠郡玖珠町大字塚脇字梅迫675-1,0973726111,""
Yショップなかのしま,わいしよつぷなかのしま,大分県豊後高田市御玉41-2,0978-22-2212,""
ローソン 宇佐下拝田店,ろーそん うさしもはいたてん,大分県宇佐市大字下拝田字上山ノ下709-1,0978-33-3508,""
ローソン 玖珠町総合運動公園前店,ろーそん くすまちそうごううんどうこうえんまてん,大分県玖珠郡玖珠町大字山田83-1,0973-72-7222,""
エヴァーズスタジオ・ラ・プペ,えう゛あーずすたじおらぷぺ,大分県大分市王子町32,097-536-0010,""
Yショップやまき屋,わいしよつぷやまきや,大分県日田市大字西有田上手町2-2,0973-23-3650,""
エブリワン 緒方店,えぶりわん/おがたてん,大分県豊後大野市緒方町 馬場14-1,0974-24-9431,""
ローソン 玖珠山田店,ろーそん くすやまだてん,大分県玖珠郡玖珠町大字山田字大水口2528-1,0973727555,""
ローソン 宇佐長洲店,ろーそん うさながすてん,大分県宇佐市大字長洲字外野田1254,0978-38-5087,""
Yショップ山手,わいしよつぷやまて,大分県中津市宮島町59,0979-22-5463,""
ローソン 宇佐畑田店,ろーそん うさはたけだてん,大分県宇佐市大字畑田字上川田926-6,0978322339,""
ローソン 九重野上店,ろーそん ここのえのがみてん,大分県玖珠郡九重町大字野上字寺田1295-1,0973777777,""
エブリワン上田店,えぶりわんうえだてん,大分県大分市大字羽屋110-4,097-554-4234,""
エブリワン梅ケ丘店,えぶりわんうめがおかてん,大分県大分市大字杉原824-3,097-554-9070,""
ローソン 佐伯池田店,ろーそん さいきいけだてん,大分県佐伯市大字池田字清六1091,0972-20-0163,""
Yショップ湯布院南店,わいしよつぷゆふいんみなみてん,大分県由布市湯布院町 川西464-2,0977-28-2628,""
ローソン 宇佐バイパス店,ろーそん うさばいぱすてん,大分県宇佐市大字山下1221-1,0978-32-7799,""
ローソン 佐伯池船店,ろーそん さいきいけふねてん,大分県佐伯市池船町22-3,0972230690,""
Yショップわたなべ,わいしよつぷわたなべ,大分県佐伯市大字鶴望4921-1,0972-22-1439,""
エブリワン大分大学前店,えぶりわんおおいただいがくまえてん,大分県大分市大字旦野原750-1,097-504-7176,""
ローソン 宇佐フラワーロード店,ろーそん うさふらわーろーどてん,大分県宇佐市大字下高字衆徳院616-1,0978349055,""
ローソン 佐伯稲垣店,ろーそん さいきいながきてん,大分県佐伯市大字稲垣字大田242-1,0972-23-6767,""
デイリーヤマザキ 大分駅前店,でいりーやまざき/おおいたえきまえてん,大分県大分市金池町2-28,097-538-2075,""
エブリワン大在西店,えぶりわんおおざいにしてん,大分県大分市大在北1-1-35,097-528-8838,""
ローソン 宇佐四日市店,ろーそん うさよつかいちてん,大分県宇佐市四日市字野ノ中387-9,0978-32-8501,""
デイリーヤマザキ 大分エリア,でいりーやまざき/おおいたえりあ,大分県大分市新貝4-25,097-552-6300,""
エブリワン金池南店,えぶりわんかないけみなみてん,大分県大分市金池南1-37-1,097-573-6116,""
ローソン 佐伯コスモタウン店,ろーそん さいきこすもたうんてん,大分県佐伯市鶴岡西町1-196,0972248463,""
ローソン 臼杵市浜店,ろーそん うすきいちはまてん,大分県臼杵市大字市浜字土手添752-1,0972632331,""
ローソン 臼杵祗園店,ろーそん うすきぎおんてん,大分県臼杵市大字臼杵字祇園洲11-1,0972-63-0041,""
デイリーヤマザキ 大分敷戸台店,でいりーやまざき/おおいたしきどだいてん,大分県大分市敷戸台1-1-20,097-567-5611,""
ローソン 佐伯坂ノ浦店,ろーそん さいきさかのうらてん,大分県佐伯市大字鶴望字羽山4955-3,0972-24-3763,""
エブリワン北鶴崎店,えぶりわんきたつるさきてん,大分県大分市北鶴崎2-75,097-524-0068,""
ローソン 臼杵末広店,ろーそん うすきすえひろてん,大分県臼杵市大字末広字黒丸9-1,0972-62-8128,""
デイリーヤマザキ 大分下郡店,でいりーやまざき/おおいたしもごおりてん,大分県大分市大字下郡3474-7,097-567-7039,""
エブリワン小池原店,えぶりわんこいけばるてん,大分県大分市大字小池原1158-1,097-573-0616,""
ローソン 佐伯鶴岡町一丁目店,ろーそん さいきつるおかまち1ちようめてん,大分県佐伯市鶴岡町1-1903-4,0972-20-4400,""
ローソン 臼杵野田店,ろーそん うすきのだてん,大分県臼杵市大字野田竹ノ下332,0972-62-9190,""
エブリワン小佐井店,えぶりわんこさいてん,大分県大分市大字屋山2170-35,097-524-3886,""
デイリーヤマザキ 西大分店,でいりーやまざき/にしおおいたてん,大分県大分市大字八幡御幸町5,097-533-2333,""
ローソン 佐伯渡町台店,ろーそん さいきとまちだいてん,大分県佐伯市長島町3-20-14,0972223963,""
ローソン 大分丹川店,ろーそん おおいたあかがわてん,大分県大分市大字丹川197-1,097-593-5345,""
エブリワン佐賀関店,えぶりわんさがのせきてん,大分県大分市大字佐賀関2232-118-1,097-524-4306,""
"","","","",""
デイリーヤマザキ臼杵あすとぴあ店,でいりーやまざきうすきあすとぴあてん,大分県臼杵市大字戸室1135-1,0972-62-3648,""
ローソン 佐伯長島店,ろーそん さいきながしまてん,大分県佐伯市長島町1-50,0972-24-1007,""
エブリワン椎迫店,えぶりわんしいざこてん,大分県大分市大字三芳645-1,097-514-1830,""
ローソン 大分明磧店,ろーそん おおいたあけがわらてん,大分県大分市大字奥田明磧6組2,097-545-4828,""
デイリーヤマザキ大分県庁前店,でいりーやまざきおおいたけんちようまえてん,大分県大分市城崎町1-3-35,097-536-1196,""
ローソン 佐伯西谷町店,ろーそん さいきにしだにまちてん,大分県佐伯市西谷町7番5号,0972-23-5563,""
エブリワン下郡東店,えぶりわんしもごおりひがしてん,大分県大分市下郡東2-2-8,097-504-7533,""
デイリーヤマザキ高田呉崎店,でいりーやまざきたかだくれさきてん,大分県豊後高田市呉崎2680,0978-24-2578,""
ローソン 大分明野東一丁目店,ろーそん おおいたあけのひがし1ちようめてん,大分県大分市明野東1-2328-1,097-553-1781,""
ローソン 佐伯長谷店,ろーそん さいきはせてん,大分県佐伯市大字長谷字戸間7721-1,0972-24-1675,""
エブリワン下徳丸店,えぶりわんしもとくまるてん,大分県大分市大字下徳丸83,097-528-8077,""
"","","","",""
デイリーヤマザキ津久見彦の内店,でいりーやまざきつくみひこのうちてん,大分県津久見市大字津久見179,0972-82-1456,""
ローソン 済生会日田病院前店,ろーそん さいせいかいひたびよういんまえてん,大分県日田市大字三和字住吉ノ後783-1,0973-23-7733,""
エブリワン新女島店,えぶりわんしんめじまてん,大分県佐伯市新女島6771-1,0972-20-5217,""
デイリーヤマザキ弥生小田店,でいりーやまざきやよいこだてん,大分県佐伯市弥生大字小田1111-1,0972-46-2533,""
"","","","",""
ローソン 大分明野東五丁目店,ろーそん おおいたあけのひがし5ちようめてん,大分県大分市明野東5-4324-2,097-552-3231,""
ローソン 庄内町店,ろーそん しようないまちてん,大分県由布市庄内町大龍字台2066-1,097-582-2103,""
ファミリーマート 大分営業所,ふあみりーまーと/おおいたえいぎようしよ,大分県大分市府内町3-4-20,097-538-7200,""
エブリワン城南団地店,えぶりわんじようなんだんちてん,大分県大分市大字永興城南団地 南941-2,097-573-6255,""
ローソン 大分医科大学前店,ろーそん おおいたいかだいがくまえてん,大分県由布市挟間町医大ヶ丘3-102-3,097-583-1548,""
"","","","",""
ローソン 竹田拝田原店,ろーそん たけたはいたばるてん,大分県竹田市大字拝田原字六反769-1,0974-63-3215,""
ファミリーマート 別府鶴見店,ふあみりーまーと/べつぷつるみてん,大分県別府市荘園6-2,0977-23-6000,""
ローソン 大分インター店,ろーそん おおいたいんたーてん,大分県大分市大字三芳字庄原1275-1,097-544-5550,""
エブリワン荘園,えぶりわんそうえん,大分県別府市大字鶴見4545-126,0977-73-8890,""
ローソン 竹田飛田川店,ろーそん たけたひだがわてん,大分県竹田市大字飛田川字山手1618-3,0974-64-0246,""
ファミリーマート 別府ルミエールの丘店,ふあみりーまーと/べつぷるみえーるのおかてん,大分県別府市大字鶴見2897-61,0977-73-9303,""
ローソン 大分駅南口店,ろーそん おおいたえきみなみぐちてん,大分県大分市東大道15-1-2,097-543-7740,""
ローソン 津久見高洲町店,ろーそん つくみたかすまちてん,大分県津久見市高洲町22-19,0972-85-0580,""
エブリワン寒田店,えぶりわんそうだてん,大分県大分市大字宮崎1496-1,097-503-9035,""
ローソン 津久見千怒店,ろーそん つくみちぬてん,大分県津久見市大字千怒字新地6059,0972-82-0033,""
ファミリーマート大分乙津港町店,ふあみりーまーとおおいたおとづみなとまちてん,大分県大分市乙津港町2-5-26,097-503-6006,""
ローソン 大分王子中町店,ろーそん おおいたおうじなかまちてん,大分県大分市王子中町40,097-513-5302,""
ファミリーマートオリタ国東店,ふあみりーまーとおりたくにさきてん,大分県国東市国東町小原2721-2,0978-72-0039,""
エブリワン高城店,えぶりわんたかじようてん,大分県大分市日吉町234,097-555-9370,""
ローソン 津久見門前町店,ろーそん つくみもんぜんまちてん,大分県津久見市門前町3-1,0972-82-9000,""
ファミリーマート佐賀関神崎店,ふあみりーまーとさがのせきこうざきてん,大分県大分市大字本神崎628-1,097-524-8033,""
ローソン 大分王子町店,ろーそん おおいたおうじまちてん,大分県大分市王子町5番20号,097-536-7030,""
ローソン 中津犬丸店,ろーそん なかついぬまるてん,大分県中津市大字犬丸1973-1,0979-32-9447,""
エブリワン竹田店,えぶりわんたけたてん,大分県竹田市大字玉来845-1,0974-64-0282,""
ローソン 大分大道店,ろーそん おおいたおおみちてん,大分県大分市大字三芳字峠478-10,097-573-6010,""
ローソン 中津上如水店,ろーそん なかつかみじよすいてん,大分県中津市大字上如水1326-1,0979-27-6023,""
ファミリーマート萩原四丁目店,ふあみりーまーとはぎわらよんちようめてん,大分県大分市萩原4-231,097-555-9175,""
エブリワン津守店,えぶりわんつもりてん,大分県大分市大字津守396-1,097-504-7601,""
ファミリーマート日出店,ふあみりーまーとひじてん,大分県速見郡日出町大字豊岡308-1,0977-28-1400,""
ローソン 大分奥田店,ろーそん おおいたおくだてん,大分県大分市大字奥田字上中津町805-1,097-546-3151,""
ローソン 中津下池永店,ろーそん なかつしもいけながてん,大分県中津市大字下池永下古附167-1,0979-24-7039,""
エブリワン永添店,えぶりわんながそえてん,大分県中津市大字永添820-1,0979-85-0083,""
ファミリーマート別府末広町店,ふあみりーまーとべつぷすえひろまちてん,大分県別府市末広町3-7,0977-73-5806,""
"","","","",""
ローソン 大分乙津町店,ろーそん おおいたおとずちようてん,大分県大分市乙津町8-1-17,097-523-2888,""
ローソン 中津田尻店,ろーそん なかつたじりてん,大分県中津市田尻1282-1,0979-33-0739,""
エブリワン萩原4丁目店,えぶりわんはぎわらよんちようめてん,大分県大分市萩原4-249,097-503-0825,""
ローソン 中津中央町一丁目店,ろーそん なかつちゆうおうまち1ちようめてん,大分県中津市中央町1丁目 7-32号,0979-23-1217,""
エブリワン挾間古野店,えぶりわんはさまふるのてん,大分県由布市挾間町 古野198-1,097-586-3884,""
ローソン 中津豊田三丁目店,ろーそん なかつとよた3ちようめてん,大分県中津市豊田町3-6,0979-22-3855,""
エブリワン花高松店,えぶりわんはなたかまつてん,大分県大分市花高松3-10-9,097-555-9773,""
エブリワン日出店,えぶりわんひじてん,大分県速見郡日出町1797-3,0977-28-0165,""
ローソン 中津一ツ松店,ろーそん なかつひとつまつてん,大分県中津市大字一ツ松158-1,0979-23-8480,""
エブリワン豊後高田店,えぶりわんぶんごたかだてん,大分県豊後高田市本町1223-2,0978-23-1788,""
ローソン 日本文理大学通店,ろーそん にほんぶんりだいがくどおりてん,大分県大分市大字政所久保田2224-11,097-592-0080,""
エブリワン三重市場店,えぶりわんみえいちばてん,大分県豊後大野市三重町 市場290-1,0974-26-4010,""
ローソン 野津原町店,ろーそん のつはるまちてん,大分県大分市大字廻栖野字新界2563-1,097-588-1188,""
エブリワン光吉インター店,えぶりわんみつよしいんたーてん,大分県大分市大字光吉1140-1,097-554-6121,""
ローソン 速見山香店,ろーそん はやみやまがてん,大分県杵築市山香町向野字山口原2167-1,0977-76-2208,""
"","","","",""
ローソン 日出片向店,ろーそん ひじかたむかいてん,大分県速見郡日出町字片向3449-1,0977-72-6827,""
エブリワン南立石店,えぶりわんみなみたていしてん,大分県別府市大字南立石1777-2,0977-73-8730,""
ローソン 日田インター店,ろーそん ひたいんたーてん,大分県日田市大字渡里字下瀬井手94-2,0973-22-1858,""
エブリワン宮永店,えぶりわんみやながてん,大分県中津市大字上宮永6-11,0979-85-0400,""
エブリワン宗方店,えぶりわんむなかたてん,大分県大分市大字上宗方516-1,097-548-7533,""
エブリワン明治北店,えぶりわんめいじきたてん,大分県大分市大字小池原1-1,097-503-0036,""
エブリワン柳ヶ浦店,えぶりわんやなぎがうらてん,大分県宇佐市住吉町2-1,0978-38-7015,""
"","","","",""
エブリワン四日市店,えぶりわんよつかいちてん,大分県宇佐市大字四日市1469-1,0978-34-0232,""
おかず屋もり,おかずやもり,大分県玖珠郡玖珠町大字塚脇234-1,0973-72-5111,""
株式会社センターリバー,かぶしきがいしやせんたーりばー,大分県大分市大字野津原160-1,097-586-4045,""
九州コンビニエンスシステムズ大分地区本部,きゆうしゆうこんびにえんすしすてむずおおいたちくほんぶ,大分県大分市大字光吉1140-1,097-567-0759,""
ココストア エブリワン大分地区本部,ここすとあ/えぶりわんおおいたちくほんぶ,大分県大分市大字光吉1140-1,097-569-7633,""
ココストア 南大分店,ここすとあ/みなみおおいたてん,大分県大分市大字永興三ケ田町187-6,097-545-3188,""
ココストア萩原店,ここすとあはぎわらてん,大分県大分市萩原1-3-5,097-552-8237,""
コンビオアシス,こんびおあしす,大分県豊後大野市清川町 砂田1567-4,0974-35-2850,""
コンビニうめき,こんびにうめき,大分県玖珠郡九重町大字後野上18-7,0973-78-8409,""
コンビニエンスやはた,こんびにえんすやはた,大分県日田市上城内町1-17,0973-23-3797,""
ショートストップ,しよーとすとつぷ,大分県日田市大字日高1410,0973-23-5482,""
ジャンプ浜脇,じやんぷはまわき,大分県別府市浜脇2-6-6,0977-22-0913,""
たかくらコンビニエンス,たかくらこんびにえんす,大分県日田市大字田島747,0973-23-0335,""
チコフレッシュかわの酒店,ちこふれつしゆかわのさけてん,大分県大分市上野丘2-2-4,097-543-5303,""
チコマートことぶきや,ちこまーとことぶきや,大分県豊後大野市三重町 市場1303,0974-22-0255,""
鶴見病院内Jマート,つるみびよういんないじえいまーと,大分県別府市大字鶴見4333,0977-27-0101,""
Dフレッシュ,でいーふれつしゆ,大分県大分市千代町4-1-1,097-537-8299,""
東芝ビジネスアンドライフサービス株式会社大分支店,とうしばびじねすあんどらいふさーびすかぶしきがいしやおおいたしてん,大分県大分市大字松岡3500,097-520-0777,""
